received_at,event_id,timestamp,customer_id,name,event_type,amount,segment_before,segment_after,direction,churn_before,churn_after,churn_band,cluster_name,clv_before,clv_after,clv_change,points_awarded,escalated,action,offer,moves
06:03:43,E001,2026-04-01 09:12:00,C1012,Tanvi Joshi,PURCHASE,8400.0,Champions,Champions,none,14,14,LOW,High-value active,95072.0,96664.0,1592.0,504,False,Invite to the VIP tier and early-access drops,Free express delivery for 12 months,
06:03:43,E002,2026-04-01 09:38:00,C1007,Kabir Malhotra,PURCHASE,6200.0,New Customers,New Customers,none,0,0,LOW,Low-value active,29762.0,35710.0,5948.0,186,False,Onboarding journey and product education,10% off the second order,
06:03:43,E003,2026-04-01 10:05:00,C1005,Vivaan Reddy,PURCHASE,15800.0,Cannot Lose Them,Champions,upgrade,58,23,LOW,High-value active,33720.0,64870.0,31150.0,948,False,Invite to the VIP tier and early-access drops,Free express delivery for 12 months,segment Cannot Lose Them -> Champions | churn HIGH -> LOW
06:03:43,E004,2026-04-01 10:41:00,C1003,Rohan Gupta,RETURN,4200.0,Potential Loyalist,Potential Loyalist,none,0,6,LOW,Low-value active,52868.0,47566.0,-5302.0,0,False,Nudge towards a subscription plan,Free trial month,
06:03:43,E005,2026-04-01 11:16:00,C1012,Tanvi Joshi,SUPPORT_TICKET,0.0,Champions,Champions,none,14,18,LOW,High-value active,96664.0,92168.0,-4496.0,0,False,Invite to the VIP tier and early-access drops,Free express delivery for 12 months,
06:03:43,E006,2026-04-01 11:52:00,C1016,Kavya Pillai,PURCHASE,9600.0,Cannot Lose Them,Champions,upgrade,100,54,HIGH,High-value lapsing,0.0,19163.0,19163.0,576,True,Escalate to the retention desk within 24 hours; then invite to the vip tier and early-access drops,Free express delivery for 12 months,segment Cannot Lose Them -> Champions
06:03:43,E007,2026-04-01 12:20:00,C1014,Riya Kulkarni,RETURN,3100.0,At Risk,At Risk,none,100,100,HIGH,High-value lapsing,0.0,0.0,0.0,0,False,Automated win-back email sequence,"15% voucher, valid 21 days",
06:03:43,E008,2026-04-01 13:07:00,C1002,Diya Nair,PURCHASE,22400.0,Champions,Champions,none,8,8,LOW,High-value active,106931.0,112720.0,5789.0,1344,False,Invite to the VIP tier and early-access drops,Free express delivery for 12 months,
06:03:43,E009,2026-04-01 13:45:00,C1012,Tanvi Joshi,REVIEW,0.0,Champions,Champions,none,18,23,LOW,High-value active,92168.0,86548.0,-5620.0,0,False,Invite to the VIP tier and early-access drops,Free express delivery for 12 months,
06:03:43,E010,2026-04-01 14:18:00,C1010,Saanvi Rao,PURCHASE,5100.0,New Customers,New Customers,none,0,0,LOW,Low-value active,51839.0,56736.0,4897.0,153,False,Onboarding journey and product education,10% off the second order,
06:03:43,E011,2026-04-01 14:52:00,C1009,Arjun Desai,SUPPORT_TICKET,0.0,Cannot Lose Them,Cannot Lose Them,none,100,100,HIGH,High-value lapsing,0.0,0.0,0.0,0,False,Personal win-back call from an account manager,"25% voucher, valid 14 days",
06:03:43,E012,2026-04-01 15:30:00,C1007,Kabir Malhotra,PURCHASE,4800.0,New Customers,New Customers,none,0,0,LOW,Low-value active,35710.0,40320.0,4610.0,144,False,Onboarding journey and product education,10% off the second order,
06:03:43,E013,2026-04-01 16:11:00,C1019,Siddharth Rao,PURCHASE,7300.0,Hibernating,Potential Loyalist,upgrade,73,38,MEDIUM,Low-value active,9080.0,22602.0,13522.0,219,False,Nudge towards a subscription plan,Free trial month,segment Hibernating -> Potential Loyalist | churn HIGH -> MEDIUM | cluster High-value lapsing -> Low-value active
06:03:43,E014,2026-04-01 16:49:00,C1006,Ishita Bose,SUPPORT_TICKET,0.0,At Risk,At Risk,none,77,81,HIGH,High-value lapsing,9788.0,8086.0,-1702.0,0,False,Automated win-back email sequence,"15% voucher, valid 21 days",
06:03:43,E015,2026-04-01 17:25:00,C1020,Pooja Sinha,PURCHASE,12900.0,Loyal Customers,Champions,upgrade,14,14,LOW,High-value active,65880.0,68205.0,2325.0,774,False,Invite to the VIP tier and early-access drops,Free express delivery for 12 months,segment Loyal Customers -> Champions
06:03:43,E016,2026-04-01 18:02:00,C1013,Aditya Menon,SUPPORT_TICKET,0.0,Hibernating,Hibernating,downgrade,50,54,HIGH,Low-value active,20035.0,18432.0,-1603.0,0,True,Escalate to the retention desk within 24 hours; then low-cost reactivation email,Free delivery on any order,churn MEDIUM -> HIGH
