customer_id,name,city,signup_date,last_purchase_date,total_orders,total_spend,returns,support_tickets,avg_rating,loyalty_points,recency_days,frequency,monetary,tenure_days,avg_order_value,return_rate,orders_per_year,r_score,f_score,m_score,rfm_code,segment,churn_score,churn_band,churn_reasons,expected_years,clv,action,base_action,offer,point_multiplier,escalated,cluster,cluster_name
C1001,Aarav Sharma,Bengaluru,2023-02-14,2026-03-28,48,286000,2,1,4.7,5720,4,48,286000,1142,5958.0,0.042,15.35,5,4,4,544,Champions,4,LOW,1 support ticket(s) (+4),2.88,84285.0,Invite to the VIP tier and early-access drops,Invite to the VIP tier and early-access drops,Free express delivery for 12 months,3.0,False,1,High-value active
C1002,Diya Nair,Kochi,2022-11-05,2026-03-25,62,412000,3,2,4.8,8240,7,62,412000,1243,6645.0,0.048,18.22,4,5,5,455,Champions,8,LOW,2 support ticket(s) (+8),2.76,106931.0,Invite to the VIP tier and early-access drops,Invite to the VIP tier and early-access drops,Free express delivery for 12 months,3.0,False,1,High-value active
C1003,Rohan Gupta,Delhi,2024-06-20,2026-03-30,21,98000,1,0,4.5,1960,2,21,98000,650,4667.0,0.048,11.8,5,2,3,523,Potential Loyalist,0,LOW,no risk flags,3.0,52868.0,Nudge towards a subscription plan,Nudge towards a subscription plan,Free trial month,1.5,False,0,Low-value active
C1004,Ananya Iyer,Chennai,2023-08-11,2026-02-18,35,175000,2,1,4.4,3500,42,35,175000,964,5000.0,0.057,13.26,3,4,4,344,Loyal Customers,23,LOW,42 days since last purchase (+8); return rate 6% (+6); average rating 4.4 (+5); 1 support ticket(s) (+4),2.31,49009.0,Cross-sell from the adjacent category,Cross-sell from the adjacent category,Bonus points on the next 3 orders,2.0,False,0,Low-value active
C1005,Vivaan Reddy,Hyderabad,2022-05-30,2025-11-12,54,321000,4,3,4.1,6420,140,54,321000,1402,5944.0,0.074,14.07,2,5,5,255,Cannot Lose Them,58,HIGH,140 days since last purchase (+35); return rate 7% (+6); average rating 4.1 (+5); 3 support ticket(s) (+12),1.26,33720.0,Escalate to the retention desk within 24 hours; then personal win-back call from an account manager,Personal win-back call from an account manager,"25% voucher, valid 14 days",3.0,True,1,High-value active
C1006,Ishita Bose,Kolkata,2023-01-09,2025-09-05,29,143000,3,4,3.6,2860,208,29,143000,1178,4931.0,0.103,8.99,1,3,3,133,At Risk,77,HIGH,208 days since last purchase (+35); return rate 10% (+14); average rating 3.6 (+12); 4 support ticket(s) (+16),0.69,9788.0,Automated win-back email sequence,Automated win-back email sequence,"15% voucher, valid 21 days",2.0,False,2,High-value lapsing
C1007,Kabir Malhotra,Mumbai,2025-12-15,2026-03-29,6,31000,0,0,4.6,620,3,6,31000,107,5167.0,0.0,6.0,5,1,1,511,New Customers,0,LOW,no risk flags,3.0,29762.0,Onboarding journey and product education,Onboarding journey and product education,10% off the second order,1.5,False,0,Low-value active
C1008,Meera Krishnan,Coimbatore,2024-03-22,2026-03-20,18,72000,1,1,4.3,1440,12,18,72000,740,4000.0,0.056,8.88,3,2,2,322,Promising,15,LOW,return rate 6% (+6); average rating 4.3 (+5); 1 support ticket(s) (+4),2.55,28984.0,Encourage a second category purchase,Encourage a second category purchase,Bundle discount,1.5,False,0,Low-value active
C1009,Arjun Desai,Ahmedabad,2022-09-18,2025-06-14,41,208000,6,5,3.4,4160,291,41,208000,1291,5073.0,0.146,11.6,1,4,4,144,Cannot Lose Them,100,HIGH,291 days since last purchase (+50); return rate 15% (+14); average rating 3.4 (+20); 5 support ticket(s) (+20),0.0,0.0,Personal win-back call from an account manager,Personal win-back call from an account manager,"25% voucher, valid 14 days",3.0,False,2,High-value lapsing
C1010,Saanvi Rao,Pune,2025-08-02,2026-03-27,11,54000,0,0,4.9,1080,5,11,54000,242,4909.0,0.0,11.0,4,1,1,411,New Customers,0,LOW,no risk flags,3.0,51839.0,Onboarding journey and product education,Onboarding journey and product education,10% off the second order,1.5,False,0,Low-value active
C1011,Nikhil Verma,Jaipur,2023-04-25,2025-12-30,26,119000,2,2,4.0,2380,92,26,119000,1072,4577.0,0.077,8.86,2,3,3,233,At Risk,39,MEDIUM,92 days since last purchase (+20); return rate 8% (+6); average rating 4.0 (+5); 2 support ticket(s) (+8),1.83,23747.0,Automated win-back email sequence,Automated win-back email sequence,"15% voucher, valid 21 days",2.0,False,0,Low-value active
C1012,Tanvi Joshi,Bengaluru,2021-12-03,2026-03-31,73,498000,5,2,4.6,9960,1,73,498000,1580,6822.0,0.068,16.88,5,5,5,555,Champions,14,LOW,return rate 7% (+6); 2 support ticket(s) (+8),2.58,95072.0,Invite to the VIP tier and early-access drops,Invite to the VIP tier and early-access drops,Free express delivery for 12 months,3.0,False,1,High-value active
C1013,Aditya Menon,Kochi,2024-10-14,2026-01-22,14,61000,1,3,3.8,1220,69,14,61000,534,4357.0,0.071,9.58,2,1,1,211,Hibernating,50,MEDIUM,69 days since last purchase (+20); return rate 7% (+6); average rating 3.8 (+12); 3 support ticket(s) (+12),1.5,20035.0,Low-cost reactivation email,Low-cost reactivation email,Free delivery on any order,1.0,False,0,Low-value active
C1014,Riya Kulkarni,Nagpur,2023-06-08,2025-04-02,22,88000,4,4,3.2,1760,364,22,88000,1028,4000.0,0.182,7.82,1,3,2,132,At Risk,100,HIGH,364 days since last purchase (+50); return rate 18% (+22); average rating 3.2 (+20); 4 support ticket(s) (+16),0.0,0.0,Automated win-back email sequence,Automated win-back email sequence,"15% voucher, valid 21 days",2.0,False,2,High-value lapsing
C1015,Devansh Shah,Surat,2025-02-19,2026-03-24,16,79000,1,0,4.5,1580,8,16,79000,406,4938.0,0.062,14.39,4,2,2,422,Potential Loyalist,6,LOW,return rate 6% (+6),2.82,64123.0,Nudge towards a subscription plan,Nudge towards a subscription plan,Free trial month,1.5,False,0,Low-value active
C1016,Kavya Pillai,Trivandrum,2022-07-11,2024-12-08,33,152000,5,6,3.0,3040,479,33,152000,1360,4606.0,0.152,8.86,1,4,4,144,Cannot Lose Them,100,HIGH,479 days since last purchase (+50); return rate 15% (+14); average rating 3.0 (+20); 6 support ticket(s) (+20),0.0,0.0,Personal win-back call from an account manager,Personal win-back call from an account manager,"25% voucher, valid 14 days",3.0,False,2,High-value lapsing
C1017,Yash Agarwal,Lucknow,2024-01-30,2026-03-18,24,131000,2,1,4.4,2620,14,24,131000,792,5458.0,0.083,11.07,3,3,3,333,Loyal Customers,15,LOW,return rate 8% (+6); average rating 4.4 (+5); 1 support ticket(s) (+4),2.55,49303.0,Cross-sell from the adjacent category,Cross-sell from the adjacent category,Bonus points on the next 3 orders,2.0,False,0,Low-value active
C1018,Nandini Reddy,Vijayawada,2025-11-08,2026-03-26,8,38000,0,1,4.2,760,6,8,38000,144,4750.0,0.0,8.0,4,1,1,411,New Customers,9,LOW,average rating 4.2 (+5); 1 support ticket(s) (+4),2.73,33197.0,Onboarding journey and product education,Onboarding journey and product education,10% off the second order,1.5,False,0,Low-value active
C1019,Siddharth Rao,Mysuru,2023-10-17,2025-10-20,19,86000,3,3,3.7,1720,163,19,86000,897,4526.0,0.158,7.74,2,2,2,222,Hibernating,73,HIGH,163 days since last purchase (+35); return rate 16% (+14); average rating 3.7 (+12); 3 support ticket(s) (+12),0.81,9080.0,Low-cost reactivation email,Low-cost reactivation email,Free delivery on any order,1.0,False,2,High-value lapsing
C1020,Pooja Sinha,Bhopal,2021-08-25,2026-03-15,58,367000,3,2,4.7,7340,17,58,367000,1680,6328.0,0.052,12.61,3,5,5,355,Loyal Customers,14,LOW,return rate 5% (+6); 2 support ticket(s) (+8),2.58,65880.0,Cross-sell from the adjacent category,Cross-sell from the adjacent category,Bonus points on the next 3 orders,2.0,False,1,High-value active
