customer_id,name,city,signup_date,last_purchase_date,total_orders,total_spend,returns,support_tickets,avg_rating,loyalty_points
C1001,Aarav Sharma,Bengaluru,2023-02-14,2026-03-28,48,286000,2,1,4.7,5720
C1002,Diya Nair,Kochi,2022-11-05,2026-03-25,62,412000,3,2,4.8,8240
C1003,Rohan Gupta,Delhi,2024-06-20,2026-03-30,21,98000,1,0,4.5,1960
C1004,Ananya Iyer,Chennai,2023-08-11,2026-02-18,35,175000,2,1,4.4,3500
C1005,Vivaan Reddy,Hyderabad,2022-05-30,2025-11-12,54,321000,4,3,4.1,6420
C1006,Ishita Bose,Kolkata,2023-01-09,2025-09-05,29,143000,3,4,3.6,2860
C1007,Kabir Malhotra,Mumbai,2025-12-15,2026-03-29,6,31000,0,0,4.6,620
C1008,Meera Krishnan,Coimbatore,2024-03-22,2026-03-20,18,72000,1,1,4.3,1440
C1009,Arjun Desai,Ahmedabad,2022-09-18,2025-06-14,41,208000,6,5,3.4,4160
C1010,Saanvi Rao,Pune,2025-08-02,2026-03-27,11,54000,0,0,4.9,1080
C1011,Nikhil Verma,Jaipur,2023-04-25,2025-12-30,26,119000,2,2,4.0,2380
C1012,Tanvi Joshi,Bengaluru,2021-12-03,2026-03-31,73,498000,5,2,4.6,9960
C1013,Aditya Menon,Kochi,2024-10-14,2026-01-22,14,61000,1,3,3.8,1220
C1014,Riya Kulkarni,Nagpur,2023-06-08,2025-04-02,22,88000,4,4,3.2,1760
C1015,Devansh Shah,Surat,2025-02-19,2026-03-24,16,79000,1,0,4.5,1580
C1016,Kavya Pillai,Trivandrum,2022-07-11,2024-12-08,33,152000,5,6,3.0,3040
C1017,Yash Agarwal,Lucknow,2024-01-30,2026-03-18,24,131000,2,1,4.4,2620
C1018,Nandini Reddy,Vijayawada,2025-11-08,2026-03-26,8,38000,0,1,4.2,760
C1019,Siddharth Rao,Mysuru,2023-10-17,2025-10-20,19,86000,3,3,3.7,1720
C1020,Pooja Sinha,Bhopal,2021-08-25,2026-03-15,58,367000,3,2,4.7,7340
