event_id,timestamp,customer_id,event_type,amount,rating,channel,detail
E001,2026-04-01 09:12,C1012,PURCHASE,8400,,app,order #A8821
E002,2026-04-01 09:38,C1007,PURCHASE,6200,,web,order #A8822
E003,2026-04-01 10:05,C1005,PURCHASE,15800,,app,order #A8823
E004,2026-04-01 10:41,C1003,RETURN,4200,,web,return #R311
E005,2026-04-01 11:16,C1012,SUPPORT_TICKET,0,,phone,delivery delayed by 6 days
E006,2026-04-01 11:52,C1016,PURCHASE,9600,,app,order #A8824
E007,2026-04-01 12:20,C1014,RETURN,3100,,store,return #R312
E008,2026-04-01 13:07,C1002,PURCHASE,22400,,web,order #A8825
E009,2026-04-01 13:45,C1012,REVIEW,0,2,app,rating 2 of 5 - late delivery
E010,2026-04-01 14:18,C1010,PURCHASE,5100,,app,order #A8826
E011,2026-04-01 14:52,C1009,SUPPORT_TICKET,0,,email,refund not received
E012,2026-04-01 15:30,C1007,PURCHASE,4800,,app,order #A8827
E013,2026-04-01 16:11,C1019,PURCHASE,7300,,web,order #A8828
E014,2026-04-01 16:49,C1006,SUPPORT_TICKET,0,,phone,product arrived damaged
E015,2026-04-01 17:25,C1020,PURCHASE,12900,,app,order #A8829
E016,2026-04-01 18:02,C1013,SUPPORT_TICKET,0,,email,order not shipped after 9 days
